agent_id,agent_number,agent_name,agent_category,business_function,product_context,owner,model_provider,model_name,prompt_version,tools_allowed,data_sources_allowed,autonomy_level,risk_level,has_kill_switch,requires_human_approval,hallucination_threshold,bias_threshold,failure_threshold,status,last_reviewed_at,next_review_date
WSS13-AGENT-001,1,,,,,,,,,,,LEVEL_0_SUGGESTION_ONLY,,,,,,,PENDING_REGISTRATION,,
WSS13-AGENT-002,2,,,,,,,,,,,LEVEL_0_SUGGESTION_ONLY,,,,,,,PENDING_REGISTRATION,,
WSS13-AGENT-003,3,,,,,,,,,,,LEVEL_0_SUGGESTION_ONLY,,,,,,,PENDING_REGISTRATION,,
WSS13-AGENT-004,4,,,,,,,,,,,LEVEL_0_SUGGESTION_ONLY,,,,,,,PENDING_REGISTRATION,,
WSS13-AGENT-005,5,,,,,,,,,,,LEVEL_0_SUGGESTION_ONLY,,,,,,,PENDING_REGISTRATION,,
WSS13-AGENT-006,6,,,,,,,,,,,LEVEL_0_SUGGESTION_ONLY,,,,,,,PENDING_REGISTRATION,,
WSS13-AGENT-007,7,,,,,,,,,,,LEVEL_0_SUGGESTION_ONLY,,,,,,,PENDING_REGISTRATION,,
WSS13-AGENT-008,8,,,,,,,,,,,LEVEL_0_SUGGESTION_ONLY,,,,,,,PENDING_REGISTRATION,,
WSS13-AGENT-009,9,,,,,,,,,,,LEVEL_0_SUGGESTION_ONLY,,,,,,,PENDING_REGISTRATION,,
WSS13-AGENT-010,10,,,,,,,,,,,LEVEL_0_SUGGESTION_ONLY,,,,,,,PENDING_REGISTRATION,,
WSS13-AGENT-011,11,,,,,,,,,,,LEVEL_0_SUGGESTION_ONLY,,,,,,,PENDING_REGISTRATION,,
WSS13-AGENT-012,12,,,,,,,,,,,LEVEL_0_SUGGESTION_ONLY,,,,,,,PENDING_REGISTRATION,,
WSS13-AGENT-013,13,,,,,,,,,,,LEVEL_0_SUGGESTION_ONLY,,,,,,,PENDING_REGISTRATION,,
WSS13-AGENT-014,14,,,,,,,,,,,LEVEL_0_SUGGESTION_ONLY,,,,,,,PENDING_REGISTRATION,,
WSS13-AGENT-015,15,,,,,,,,,,,LEVEL_0_SUGGESTION_ONLY,,,,,,,PENDING_REGISTRATION,,
WSS13-AGENT-016,16,,,,,,,,,,,LEVEL_0_SUGGESTION_ONLY,,,,,,,PENDING_REGISTRATION,,
WSS13-AGENT-017,17,,,,,,,,,,,LEVEL_0_SUGGESTION_ONLY,,,,,,,PENDING_REGISTRATION,,
WSS13-AGENT-018,18,,,,,,,,,,,LEVEL_0_SUGGESTION_ONLY,,,,,,,PENDING_REGISTRATION,,
WSS13-AGENT-019,19,,,,,,,,,,,LEVEL_0_SUGGESTION_ONLY,,,,,,,PENDING_REGISTRATION,,
WSS13-AGENT-020,20,,,,,,,,,,,LEVEL_0_SUGGESTION_ONLY,,,,,,,PENDING_REGISTRATION,,
WSS13-AGENT-021,21,,,,,,,,,,,LEVEL_0_SUGGESTION_ONLY,,,,,,,PENDING_REGISTRATION,,
WSS13-AGENT-022,22,,,,,,,,,,,LEVEL_0_SUGGESTION_ONLY,,,,,,,PENDING_REGISTRATION,,
WSS13-AGENT-023,23,,,,,,,,,,,LEVEL_0_SUGGESTION_ONLY,,,,,,,PENDING_REGISTRATION,,
WSS13-AGENT-024,24,,,,,,,,,,,LEVEL_0_SUGGESTION_ONLY,,,,,,,PENDING_REGISTRATION,,
WSS13-AGENT-025,25,,,,,,,,,,,LEVEL_0_SUGGESTION_ONLY,,,,,,,PENDING_REGISTRATION,,
WSS13-AGENT-026,26,,,,,,,,,,,LEVEL_0_SUGGESTION_ONLY,,,,,,,PENDING_REGISTRATION,,
WSS13-AGENT-027,27,,,,,,,,,,,LEVEL_0_SUGGESTION_ONLY,,,,,,,PENDING_REGISTRATION,,
WSS13-AGENT-028,28,,,,,,,,,,,LEVEL_0_SUGGESTION_ONLY,,,,,,,PENDING_REGISTRATION,,
WSS13-AGENT-029,29,,,,,,,,,,,LEVEL_0_SUGGESTION_ONLY,,,,,,,PENDING_REGISTRATION,,
WSS13-AGENT-030,30,,,,,,,,,,,LEVEL_0_SUGGESTION_ONLY,,,,,,,PENDING_REGISTRATION,,
WSS13-AGENT-031,31,,,,,,,,,,,LEVEL_0_SUGGESTION_ONLY,,,,,,,PENDING_REGISTRATION,,
WSS13-AGENT-032,32,,,,,,,,,,,LEVEL_0_SUGGESTION_ONLY,,,,,,,PENDING_REGISTRATION,,
WSS13-AGENT-033,33,,,,,,,,,,,LEVEL_0_SUGGESTION_ONLY,,,,,,,PENDING_REGISTRATION,,
WSS13-AGENT-034,34,,,,,,,,,,,LEVEL_0_SUGGESTION_ONLY,,,,,,,PENDING_REGISTRATION,,
WSS13-AGENT-035,35,,,,,,,,,,,LEVEL_0_SUGGESTION_ONLY,,,,,,,PENDING_REGISTRATION,,
WSS13-AGENT-036,36,,,,,,,,,,,LEVEL_0_SUGGESTION_ONLY,,,,,,,PENDING_REGISTRATION,,
WSS13-AGENT-037,37,,,,,,,,,,,LEVEL_0_SUGGESTION_ONLY,,,,,,,PENDING_REGISTRATION,,
WSS13-AGENT-038,38,,,,,,,,,,,LEVEL_0_SUGGESTION_ONLY,,,,,,,PENDING_REGISTRATION,,
WSS13-AGENT-039,39,,,,,,,,,,,LEVEL_0_SUGGESTION_ONLY,,,,,,,PENDING_REGISTRATION,,
WSS13-AGENT-040,40,,,,,,,,,,,LEVEL_0_SUGGESTION_ONLY,,,,,,,PENDING_REGISTRATION,,
WSS13-AGENT-041,41,,,,,,,,,,,LEVEL_0_SUGGESTION_ONLY,,,,,,,PENDING_REGISTRATION,,
WSS13-AGENT-042,42,,,,,,,,,,,LEVEL_0_SUGGESTION_ONLY,,,,,,,PENDING_REGISTRATION,,
WSS13-AGENT-043,43,,,,,,,,,,,LEVEL_0_SUGGESTION_ONLY,,,,,,,PENDING_REGISTRATION,,
WSS13-AGENT-044,44,,,,,,,,,,,LEVEL_0_SUGGESTION_ONLY,,,,,,,PENDING_REGISTRATION,,
WSS13-AGENT-045,45,,,,,,,,,,,LEVEL_0_SUGGESTION_ONLY,,,,,,,PENDING_REGISTRATION,,
WSS13-AGENT-046,46,,,,,,,,,,,LEVEL_0_SUGGESTION_ONLY,,,,,,,PENDING_REGISTRATION,,
WSS13-AGENT-047,47,,,,,,,,,,,LEVEL_0_SUGGESTION_ONLY,,,,,,,PENDING_REGISTRATION,,
WSS13-AGENT-048,48,,,,,,,,,,,LEVEL_0_SUGGESTION_ONLY,,,,,,,PENDING_REGISTRATION,,
WSS13-AGENT-049,49,,,,,,,,,,,LEVEL_0_SUGGESTION_ONLY,,,,,,,PENDING_REGISTRATION,,
WSS13-AGENT-050,50,,,,,,,,,,,LEVEL_0_SUGGESTION_ONLY,,,,,,,PENDING_REGISTRATION,,
WSS13-AGENT-051,51,,,,,,,,,,,LEVEL_0_SUGGESTION_ONLY,,,,,,,PENDING_REGISTRATION,,
WSS13-AGENT-052,52,,,,,,,,,,,LEVEL_0_SUGGESTION_ONLY,,,,,,,PENDING_REGISTRATION,,
WSS13-AGENT-053,53,,,,,,,,,,,LEVEL_0_SUGGESTION_ONLY,,,,,,,PENDING_REGISTRATION,,
WSS13-AGENT-054,54,,,,,,,,,,,LEVEL_0_SUGGESTION_ONLY,,,,,,,PENDING_REGISTRATION,,
WSS13-AGENT-055,55,,,,,,,,,,,LEVEL_0_SUGGESTION_ONLY,,,,,,,PENDING_REGISTRATION,,
WSS13-AGENT-056,56,,,,,,,,,,,LEVEL_0_SUGGESTION_ONLY,,,,,,,PENDING_REGISTRATION,,
WSS13-AGENT-057,57,,,,,,,,,,,LEVEL_0_SUGGESTION_ONLY,,,,,,,PENDING_REGISTRATION,,
WSS13-AGENT-058,58,,,,,,,,,,,LEVEL_0_SUGGESTION_ONLY,,,,,,,PENDING_REGISTRATION,,
WSS13-AGENT-059,59,,,,,,,,,,,LEVEL_0_SUGGESTION_ONLY,,,,,,,PENDING_REGISTRATION,,
WSS13-AGENT-060,60,,,,,,,,,,,LEVEL_0_SUGGESTION_ONLY,,,,,,,PENDING_REGISTRATION,,
WSS13-AGENT-061,61,,,,,,,,,,,LEVEL_0_SUGGESTION_ONLY,,,,,,,PENDING_REGISTRATION,,
WSS13-AGENT-062,62,,,,,,,,,,,LEVEL_0_SUGGESTION_ONLY,,,,,,,PENDING_REGISTRATION,,
WSS13-AGENT-063,63,,,,,,,,,,,LEVEL_0_SUGGESTION_ONLY,,,,,,,PENDING_REGISTRATION,,
WSS13-AGENT-064,64,,,,,,,,,,,LEVEL_0_SUGGESTION_ONLY,,,,,,,PENDING_REGISTRATION,,
WSS13-AGENT-065,65,,,,,,,,,,,LEVEL_0_SUGGESTION_ONLY,,,,,,,PENDING_REGISTRATION,,
WSS13-AGENT-066,66,,,,,,,,,,,LEVEL_0_SUGGESTION_ONLY,,,,,,,PENDING_REGISTRATION,,
WSS13-AGENT-067,67,,,,,,,,,,,LEVEL_0_SUGGESTION_ONLY,,,,,,,PENDING_REGISTRATION,,
WSS13-AGENT-068,68,,,,,,,,,,,LEVEL_0_SUGGESTION_ONLY,,,,,,,PENDING_REGISTRATION,,
WSS13-AGENT-069,69,,,,,,,,,,,LEVEL_0_SUGGESTION_ONLY,,,,,,,PENDING_REGISTRATION,,
WSS13-AGENT-070,70,,,,,,,,,,,LEVEL_0_SUGGESTION_ONLY,,,,,,,PENDING_REGISTRATION,,
WSS13-AGENT-071,71,,,,,,,,,,,LEVEL_0_SUGGESTION_ONLY,,,,,,,PENDING_REGISTRATION,,
WSS13-AGENT-072,72,,,,,,,,,,,LEVEL_0_SUGGESTION_ONLY,,,,,,,PENDING_REGISTRATION,,
WSS13-AGENT-073,73,,,,,,,,,,,LEVEL_0_SUGGESTION_ONLY,,,,,,,PENDING_REGISTRATION,,
WSS13-AGENT-074,74,,,,,,,,,,,LEVEL_0_SUGGESTION_ONLY,,,,,,,PENDING_REGISTRATION,,
WSS13-AGENT-075,75,,,,,,,,,,,LEVEL_0_SUGGESTION_ONLY,,,,,,,PENDING_REGISTRATION,,
WSS13-AGENT-076,76,,,,,,,,,,,LEVEL_0_SUGGESTION_ONLY,,,,,,,PENDING_REGISTRATION,,
WSS13-AGENT-077,77,,,,,,,,,,,LEVEL_0_SUGGESTION_ONLY,,,,,,,PENDING_REGISTRATION,,
WSS13-AGENT-078,78,,,,,,,,,,,LEVEL_0_SUGGESTION_ONLY,,,,,,,PENDING_REGISTRATION,,
WSS13-AGENT-079,79,,,,,,,,,,,LEVEL_0_SUGGESTION_ONLY,,,,,,,PENDING_REGISTRATION,,
WSS13-AGENT-080,80,,,,,,,,,,,LEVEL_0_SUGGESTION_ONLY,,,,,,,PENDING_REGISTRATION,,
WSS13-AGENT-081,81,,,,,,,,,,,LEVEL_0_SUGGESTION_ONLY,,,,,,,PENDING_REGISTRATION,,
WSS13-AGENT-082,82,,,,,,,,,,,LEVEL_0_SUGGESTION_ONLY,,,,,,,PENDING_REGISTRATION,,
WSS13-AGENT-083,83,,,,,,,,,,,LEVEL_0_SUGGESTION_ONLY,,,,,,,PENDING_REGISTRATION,,
WSS13-AGENT-084,84,,,,,,,,,,,LEVEL_0_SUGGESTION_ONLY,,,,,,,PENDING_REGISTRATION,,
WSS13-AGENT-085,85,,,,,,,,,,,LEVEL_0_SUGGESTION_ONLY,,,,,,,PENDING_REGISTRATION,,
WSS13-AGENT-086,86,,,,,,,,,,,LEVEL_0_SUGGESTION_ONLY,,,,,,,PENDING_REGISTRATION,,
WSS13-AGENT-087,87,,,,,,,,,,,LEVEL_0_SUGGESTION_ONLY,,,,,,,PENDING_REGISTRATION,,
WSS13-AGENT-088,88,,,,,,,,,,,LEVEL_0_SUGGESTION_ONLY,,,,,,,PENDING_REGISTRATION,,
WSS13-AGENT-089,89,,,,,,,,,,,LEVEL_0_SUGGESTION_ONLY,,,,,,,PENDING_REGISTRATION,,
WSS13-AGENT-090,90,,,,,,,,,,,LEVEL_0_SUGGESTION_ONLY,,,,,,,PENDING_REGISTRATION,,
WSS13-AGENT-091,91,,,,,,,,,,,LEVEL_0_SUGGESTION_ONLY,,,,,,,PENDING_REGISTRATION,,
WSS13-AGENT-092,92,,,,,,,,,,,LEVEL_0_SUGGESTION_ONLY,,,,,,,PENDING_REGISTRATION,,
WSS13-AGENT-093,93,,,,,,,,,,,LEVEL_0_SUGGESTION_ONLY,,,,,,,PENDING_REGISTRATION,,
WSS13-AGENT-094,94,,,,,,,,,,,LEVEL_0_SUGGESTION_ONLY,,,,,,,PENDING_REGISTRATION,,
WSS13-AGENT-095,95,,,,,,,,,,,LEVEL_0_SUGGESTION_ONLY,,,,,,,PENDING_REGISTRATION,,
WSS13-AGENT-096,96,,,,,,,,,,,LEVEL_0_SUGGESTION_ONLY,,,,,,,PENDING_REGISTRATION,,
WSS13-AGENT-097,97,,,,,,,,,,,LEVEL_0_SUGGESTION_ONLY,,,,,,,PENDING_REGISTRATION,,
WSS13-AGENT-098,98,,,,,,,,,,,LEVEL_0_SUGGESTION_ONLY,,,,,,,PENDING_REGISTRATION,,
WSS13-AGENT-099,99,,,,,,,,,,,LEVEL_0_SUGGESTION_ONLY,,,,,,,PENDING_REGISTRATION,,
WSS13-AGENT-100,100,,,,,,,,,,,LEVEL_0_SUGGESTION_ONLY,,,,,,,PENDING_REGISTRATION,,
WSS13-AGENT-101,101,,,,,,,,,,,LEVEL_0_SUGGESTION_ONLY,,,,,,,PENDING_REGISTRATION,,
WSS13-AGENT-102,102,,,,,,,,,,,LEVEL_0_SUGGESTION_ONLY,,,,,,,PENDING_REGISTRATION,,
WSS13-AGENT-103,103,,,,,,,,,,,LEVEL_0_SUGGESTION_ONLY,,,,,,,PENDING_REGISTRATION,,
WSS13-AGENT-104,104,,,,,,,,,,,LEVEL_0_SUGGESTION_ONLY,,,,,,,PENDING_REGISTRATION,,
WSS13-AGENT-105,105,,,,,,,,,,,LEVEL_0_SUGGESTION_ONLY,,,,,,,PENDING_REGISTRATION,,
WSS13-AGENT-106,106,,,,,,,,,,,LEVEL_0_SUGGESTION_ONLY,,,,,,,PENDING_REGISTRATION,,
WSS13-AGENT-107,107,,,,,,,,,,,LEVEL_0_SUGGESTION_ONLY,,,,,,,PENDING_REGISTRATION,,
WSS13-AGENT-108,108,,,,,,,,,,,LEVEL_0_SUGGESTION_ONLY,,,,,,,PENDING_REGISTRATION,,
WSS13-AGENT-109,109,,,,,,,,,,,LEVEL_0_SUGGESTION_ONLY,,,,,,,PENDING_REGISTRATION,,
WSS13-AGENT-110,110,,,,,,,,,,,LEVEL_0_SUGGESTION_ONLY,,,,,,,PENDING_REGISTRATION,,
WSS13-AGENT-111,111,,,,,,,,,,,LEVEL_0_SUGGESTION_ONLY,,,,,,,PENDING_REGISTRATION,,
WSS13-AGENT-112,112,,,,,,,,,,,LEVEL_0_SUGGESTION_ONLY,,,,,,,PENDING_REGISTRATION,,
WSS13-AGENT-113,113,,,,,,,,,,,LEVEL_0_SUGGESTION_ONLY,,,,,,,PENDING_REGISTRATION,,
WSS13-AGENT-114,114,,,,,,,,,,,LEVEL_0_SUGGESTION_ONLY,,,,,,,PENDING_REGISTRATION,,
WSS13-AGENT-115,115,,,,,,,,,,,LEVEL_0_SUGGESTION_ONLY,,,,,,,PENDING_REGISTRATION,,
WSS13-AGENT-116,116,,,,,,,,,,,LEVEL_0_SUGGESTION_ONLY,,,,,,,PENDING_REGISTRATION,,
WSS13-AGENT-117,117,,,,,,,,,,,LEVEL_0_SUGGESTION_ONLY,,,,,,,PENDING_REGISTRATION,,
WSS13-AGENT-118,118,,,,,,,,,,,LEVEL_0_SUGGESTION_ONLY,,,,,,,PENDING_REGISTRATION,,
WSS13-AGENT-119,119,,,,,,,,,,,LEVEL_0_SUGGESTION_ONLY,,,,,,,PENDING_REGISTRATION,,
WSS13-AGENT-120,120,,,,,,,,,,,LEVEL_0_SUGGESTION_ONLY,,,,,,,PENDING_REGISTRATION,,
WSS13-AGENT-121,121,,,,,,,,,,,LEVEL_0_SUGGESTION_ONLY,,,,,,,PENDING_REGISTRATION,,
WSS13-AGENT-122,122,,,,,,,,,,,LEVEL_0_SUGGESTION_ONLY,,,,,,,PENDING_REGISTRATION,,
WSS13-AGENT-123,123,,,,,,,,,,,LEVEL_0_SUGGESTION_ONLY,,,,,,,PENDING_REGISTRATION,,
WSS13-AGENT-124,124,,,,,,,,,,,LEVEL_0_SUGGESTION_ONLY,,,,,,,PENDING_REGISTRATION,,
WSS13-AGENT-125,125,,,,,,,,,,,LEVEL_0_SUGGESTION_ONLY,,,,,,,PENDING_REGISTRATION,,
WSS13-AGENT-126,126,,,,,,,,,,,LEVEL_0_SUGGESTION_ONLY,,,,,,,PENDING_REGISTRATION,,
WSS13-AGENT-127,127,,,,,,,,,,,LEVEL_0_SUGGESTION_ONLY,,,,,,,PENDING_REGISTRATION,,
WSS13-AGENT-128,128,,,,,,,,,,,LEVEL_0_SUGGESTION_ONLY,,,,,,,PENDING_REGISTRATION,,
WSS13-AGENT-129,129,,,,,,,,,,,LEVEL_0_SUGGESTION_ONLY,,,,,,,PENDING_REGISTRATION,,
WSS13-AGENT-130,130,,,,,,,,,,,LEVEL_0_SUGGESTION_ONLY,,,,,,,PENDING_REGISTRATION,,
WSS13-AGENT-131,131,,,,,,,,,,,LEVEL_0_SUGGESTION_ONLY,,,,,,,PENDING_REGISTRATION,,
WSS13-AGENT-132,132,,,,,,,,,,,LEVEL_0_SUGGESTION_ONLY,,,,,,,PENDING_REGISTRATION,,
WSS13-AGENT-133,133,,,,,,,,,,,LEVEL_0_SUGGESTION_ONLY,,,,,,,PENDING_REGISTRATION,,
WSS13-AGENT-134,134,,,,,,,,,,,LEVEL_0_SUGGESTION_ONLY,,,,,,,PENDING_REGISTRATION,,
WSS13-AGENT-135,135,,,,,,,,,,,LEVEL_0_SUGGESTION_ONLY,,,,,,,PENDING_REGISTRATION,,
WSS13-AGENT-136,136,,,,,,,,,,,LEVEL_0_SUGGESTION_ONLY,,,,,,,PENDING_REGISTRATION,,
WSS13-AGENT-137,137,,,,,,,,,,,LEVEL_0_SUGGESTION_ONLY,,,,,,,PENDING_REGISTRATION,,
WSS13-AGENT-138,138,,,,,,,,,,,LEVEL_0_SUGGESTION_ONLY,,,,,,,PENDING_REGISTRATION,,
WSS13-AGENT-139,139,,,,,,,,,,,LEVEL_0_SUGGESTION_ONLY,,,,,,,PENDING_REGISTRATION,,
WSS13-AGENT-140,140,,,,,,,,,,,LEVEL_0_SUGGESTION_ONLY,,,,,,,PENDING_REGISTRATION,,
WSS13-AGENT-141,141,,,,,,,,,,,LEVEL_0_SUGGESTION_ONLY,,,,,,,PENDING_REGISTRATION,,
WSS13-AGENT-142,142,,,,,,,,,,,LEVEL_0_SUGGESTION_ONLY,,,,,,,PENDING_REGISTRATION,,
WSS13-AGENT-143,143,,,,,,,,,,,LEVEL_0_SUGGESTION_ONLY,,,,,,,PENDING_REGISTRATION,,
WSS13-AGENT-144,144,,,,,,,,,,,LEVEL_0_SUGGESTION_ONLY,,,,,,,PENDING_REGISTRATION,,
WSS13-AGENT-145,145,,,,,,,,,,,LEVEL_0_SUGGESTION_ONLY,,,,,,,PENDING_REGISTRATION,,
WSS13-AGENT-146,146,,,,,,,,,,,LEVEL_0_SUGGESTION_ONLY,,,,,,,PENDING_REGISTRATION,,
WSS13-AGENT-147,147,,,,,,,,,,,LEVEL_0_SUGGESTION_ONLY,,,,,,,PENDING_REGISTRATION,,
WSS13-AGENT-148,148,,,,,,,,,,,LEVEL_0_SUGGESTION_ONLY,,,,,,,PENDING_REGISTRATION,,
WSS13-AGENT-149,149,,,,,,,,,,,LEVEL_0_SUGGESTION_ONLY,,,,,,,PENDING_REGISTRATION,,
WSS13-AGENT-150,150,,,,,,,,,,,LEVEL_0_SUGGESTION_ONLY,,,,,,,PENDING_REGISTRATION,,
WSS13-AGENT-151,151,,,,,,,,,,,LEVEL_0_SUGGESTION_ONLY,,,,,,,PENDING_REGISTRATION,,
WSS13-AGENT-152,152,,,,,,,,,,,LEVEL_0_SUGGESTION_ONLY,,,,,,,PENDING_REGISTRATION,,
WSS13-AGENT-153,153,,,,,,,,,,,LEVEL_0_SUGGESTION_ONLY,,,,,,,PENDING_REGISTRATION,,
WSS13-AGENT-154,154,,,,,,,,,,,LEVEL_0_SUGGESTION_ONLY,,,,,,,PENDING_REGISTRATION,,
WSS13-AGENT-155,155,,,,,,,,,,,LEVEL_0_SUGGESTION_ONLY,,,,,,,PENDING_REGISTRATION,,
WSS13-AGENT-156,156,,,,,,,,,,,LEVEL_0_SUGGESTION_ONLY,,,,,,,PENDING_REGISTRATION,,
WSS13-AGENT-157,157,,,,,,,,,,,LEVEL_0_SUGGESTION_ONLY,,,,,,,PENDING_REGISTRATION,,
WSS13-AGENT-158,158,,,,,,,,,,,LEVEL_0_SUGGESTION_ONLY,,,,,,,PENDING_REGISTRATION,,
WSS13-AGENT-159,159,,,,,,,,,,,LEVEL_0_SUGGESTION_ONLY,,,,,,,PENDING_REGISTRATION,,
WSS13-AGENT-160,160,,,,,,,,,,,LEVEL_0_SUGGESTION_ONLY,,,,,,,PENDING_REGISTRATION,,
WSS13-AGENT-161,161,,,,,,,,,,,LEVEL_0_SUGGESTION_ONLY,,,,,,,PENDING_REGISTRATION,,
WSS13-AGENT-162,162,,,,,,,,,,,LEVEL_0_SUGGESTION_ONLY,,,,,,,PENDING_REGISTRATION,,
WSS13-AGENT-163,163,,,,,,,,,,,LEVEL_0_SUGGESTION_ONLY,,,,,,,PENDING_REGISTRATION,,
WSS13-AGENT-164,164,,,,,,,,,,,LEVEL_0_SUGGESTION_ONLY,,,,,,,PENDING_REGISTRATION,,
WSS13-AGENT-165,165,,,,,,,,,,,LEVEL_0_SUGGESTION_ONLY,,,,,,,PENDING_REGISTRATION,,
WSS13-AGENT-166,166,,,,,,,,,,,LEVEL_0_SUGGESTION_ONLY,,,,,,,PENDING_REGISTRATION,,
WSS13-AGENT-167,167,,,,,,,,,,,LEVEL_0_SUGGESTION_ONLY,,,,,,,PENDING_REGISTRATION,,
WSS13-AGENT-168,168,,,,,,,,,,,LEVEL_0_SUGGESTION_ONLY,,,,,,,PENDING_REGISTRATION,,
WSS13-AGENT-169,169,,,,,,,,,,,LEVEL_0_SUGGESTION_ONLY,,,,,,,PENDING_REGISTRATION,,
WSS13-AGENT-170,170,,,,,,,,,,,LEVEL_0_SUGGESTION_ONLY,,,,,,,PENDING_REGISTRATION,,
WSS13-AGENT-171,171,,,,,,,,,,,LEVEL_0_SUGGESTION_ONLY,,,,,,,PENDING_REGISTRATION,,
WSS13-AGENT-172,172,,,,,,,,,,,LEVEL_0_SUGGESTION_ONLY,,,,,,,PENDING_REGISTRATION,,
WSS13-AGENT-173,173,,,,,,,,,,,LEVEL_0_SUGGESTION_ONLY,,,,,,,PENDING_REGISTRATION,,
WSS13-AGENT-174,174,,,,,,,,,,,LEVEL_0_SUGGESTION_ONLY,,,,,,,PENDING_REGISTRATION,,
WSS13-AGENT-175,175,,,,,,,,,,,LEVEL_0_SUGGESTION_ONLY,,,,,,,PENDING_REGISTRATION,,
WSS13-AGENT-176,176,,,,,,,,,,,LEVEL_0_SUGGESTION_ONLY,,,,,,,PENDING_REGISTRATION,,
WSS13-AGENT-177,177,,,,,,,,,,,LEVEL_0_SUGGESTION_ONLY,,,,,,,PENDING_REGISTRATION,,
WSS13-AGENT-178,178,,,,,,,,,,,LEVEL_0_SUGGESTION_ONLY,,,,,,,PENDING_REGISTRATION,,
WSS13-AGENT-179,179,,,,,,,,,,,LEVEL_0_SUGGESTION_ONLY,,,,,,,PENDING_REGISTRATION,,
WSS13-AGENT-180,180,,,,,,,,,,,LEVEL_0_SUGGESTION_ONLY,,,,,,,PENDING_REGISTRATION,,
WSS13-AGENT-181,181,,,,,,,,,,,LEVEL_0_SUGGESTION_ONLY,,,,,,,PENDING_REGISTRATION,,
WSS13-AGENT-182,182,,,,,,,,,,,LEVEL_0_SUGGESTION_ONLY,,,,,,,PENDING_REGISTRATION,,
WSS13-AGENT-183,183,,,,,,,,,,,LEVEL_0_SUGGESTION_ONLY,,,,,,,PENDING_REGISTRATION,,
WSS13-AGENT-184,184,,,,,,,,,,,LEVEL_0_SUGGESTION_ONLY,,,,,,,PENDING_REGISTRATION,,
WSS13-AGENT-185,185,,,,,,,,,,,LEVEL_0_SUGGESTION_ONLY,,,,,,,PENDING_REGISTRATION,,
WSS13-AGENT-186,186,,,,,,,,,,,LEVEL_0_SUGGESTION_ONLY,,,,,,,PENDING_REGISTRATION,,
WSS13-AGENT-187,187,,,,,,,,,,,LEVEL_0_SUGGESTION_ONLY,,,,,,,PENDING_REGISTRATION,,
WSS13-AGENT-188,188,,,,,,,,,,,LEVEL_0_SUGGESTION_ONLY,,,,,,,PENDING_REGISTRATION,,
WSS13-AGENT-189,189,,,,,,,,,,,LEVEL_0_SUGGESTION_ONLY,,,,,,,PENDING_REGISTRATION,,
WSS13-AGENT-190,190,,,,,,,,,,,LEVEL_0_SUGGESTION_ONLY,,,,,,,PENDING_REGISTRATION,,
WSS13-AGENT-191,191,,,,,,,,,,,LEVEL_0_SUGGESTION_ONLY,,,,,,,PENDING_REGISTRATION,,
